ID,Site,Subsite,Alternative_Name,Cruise,Month,Year,Type,Server_Location,Filename,Source,Vessel,Sonar,Frequency_kHz,URL,Note
1,EL,1,NA,2015_12A_BEL_EL,12,2015,Bathymetry,2_Projects/GIS/C_Multibeam_C-SCAMP/Elbow/EL1/Bathymetry/EL1_Bathymetry_CUBE_2m.tiff,EL1_Bathymetry_CUBE_2m.tiff,CSCAMP,R/V Bellows,Teledyne Reson SeaBat 7125,400,https://www.marine.usf.edu/scamp/,NA
2,EL,1,NA,2015_12A_BEL_EL,12,2015,Backscatter,2_Projects/GIS/C_Multibeam_C-SCAMP/Elbow/EL1/Backscatter/EL1_1mTimeSeriesBS_TrimmedtoMosaic_AVG800.tiff,EL1_1mTimeSeriesBS_TrimmedtoMosaic_AVG800.tiff,CSCAMP,R/V Bellows,Teledyne Reson SeaBat 7125,400,https://www.marine.usf.edu/scamp/,NA
3,MS,Gap,NA,2016_04_WB2_CBASS,4,2016,Bathymetry,2_Projects/GIS/C_Multibeam_C-SCAMP/MS_Gap/Bathymetry/Madison_Swanson_Gap_2m_Swath_Bathy.bag,Madison_Swanson_Gap_2m_Swath_Bathy.bag,CSCAMP,R/V Weatherbird II,Teledyne Reson SeaBat 7125,400,https://www.marine.usf.edu/scamp/,NA
4,MS,Gap,NA,2016_04_WB2_CBASS,4,2016,Backscatter,2_Projects/GIS/C_Multibeam_C-SCAMP/MS_Gap/Backscatter/WBII2016_04_MadisonSwansonGap_Snippetgeotiff.tif,WBII2016_04_MadisonSwansonGap_Snippetgeotiff.tif,CSCAMP,R/V Weatherbird II,Teledyne Reson SeaBat 7125,400,https://www.marine.usf.edu/scamp/,NA
5,SWFMG,1,NA,2016_05_BEL_SWFMG,5,2016,Bathymetry,2_Projects/GIS/C_Multibeam_C-SCAMP/SWFMG/SWFMG1/Bathymetry/CUBE/SWFMGMay2016_2.5mCube.bag,SWFMGMay2016_2.5mCube.bag,CSCAMP,R/V Bellows,Teledyne Reson SeaBat 7125,400,https://www.marine.usf.edu/scamp/,NA
6,SWFMG,1,NA,2016_05_BEL_SWFMG,5,2016,Backscatter,2_Projects/GIS/C_Multibeam_C-SCAMP/SWFMG/SWFMG1/Backscatter/SWFMGMay2016_1mBackScatter.tiff,SWFMGMay2016_1mBackScatter.tiff,CSCAMP,R/V Bellows,Teledyne Reson SeaBat 7125,400,https://www.marine.usf.edu/scamp/,NA
7,SWFMG,2,NA,2016_06_WB2_SWFMG,6,2016,Bathymetry,2_Projects/GIS/C_Multibeam_C-SCAMP/SWFMG/SWFMG2/Bathymetry/Swath_Angle/SWFMG2June2016_2m.tiff,SWFMG2June2016_2m.tiff,CSCAMP,R/V Weatherbird II,Teledyne Reson SeaBat 7125,400,https://www.marine.usf.edu/scamp/,NA
8,SWFMG,2,NA,2016_06_WB2_SWFMG,6,2016,Backscatter,2_Projects/GIS/C_Multibeam_C-SCAMP/SWFMG/SWFMG2/Backscatter/SWFMG2June2016_1mBackScatter_cropped.tif,SWFMG2June2016_1mBackScatter_cropped.tif,CSCAMP,R/V Weatherbird II,Teledyne Reson SeaBat 7125,400,https://www.marine.usf.edu/scamp/,NA
9,SWFMG,3,NA,2016_07_BEL_SWFMG,7,2016,Bathymetry,2_Projects/GIS/C_Multibeam_C-SCAMP/SWFMG/SWFMG3/Bathymetry/CUBE/SWFMG3July2016Cube_2m.bag,SWFMG3July2016Cube_2m.bag,CSCAMP,R/V Bellows,Teledyne Reson SeaBat 7125,400,https://www.marine.usf.edu/scamp/,NA
10,SWFMG,3,NA,2016_07_BEL_SWFMG,7,2016,Backscatter,2_Projects/GIS/C_Multibeam_C-SCAMP/SWFMG/SWFMG3/Backscatter/SWFMG3July2016_1mBS.tiff,SWFMG3July2016_1mBS.tiff,CSCAMP,R/V Bellows,Teledyne Reson SeaBat 7125,400,https://www.marine.usf.edu/scamp/,NA
11,SWFMG,4,NA,2016_09_BEL_SWFMG,9,2016,Bathymetry,2_Projects/GIS/C_Multibeam_C-SCAMP/SWFMG/SWFMG4/Bathymetry/CUBE/SWFMG4Cube2m.bag,SWFMG4Cube2m.bag,CSCAMP,R/V Bellows,Teledyne Reson SeaBat 7125,400,https://www.marine.usf.edu/scamp/,NA
12,SWFMG,4,NA,2016_09_BEL_SWFMG,9,2016,Backscatter,2_Projects/GIS/C_Multibeam_C-SCAMP/SWFMG/SWFMG4/Backscatter/SWFMG4BeamAverage1m.tiff,SWFMG4BeamAverage1m.tiff,CSCAMP,R/V Bellows,Teledyne Reson SeaBat 7125,400,https://www.marine.usf.edu/scamp/,NA
13,EFMG,1,NA,2017_04_WB2_CBASS,4,2017,Bathymetry,2_Projects/GIS/C_Multibeam_C-SCAMP/SWFMG/EFMG/EFMG1/Bathymetry/EastFMG1mswathangleApril2017.bag,EastFMG1mswathangleApril2017.bag,CSCAMP,R/V Weatherbird II,Teledyne Reson SeaBat 7125,400,https://www.marine.usf.edu/scamp/,NA
14,EFMG,1,NA,2017_04_WB2_CBASS,4,2017,Backscatter,NA,NA,CSCAMP,R/V Weatherbird II,Teledyne Reson SeaBat 7125,400,https://www.marine.usf.edu/scamp/,NA
15,EL,2,NA,2017_04_WB2_CBASS,4,2017,Bathymetry,2_Projects/GIS/C_Multibeam_C-SCAMP/Elbow/EL2/Bathymetry/EL2_AGU.bag,EL2_AGU.bag,CSCAMP,R/V Weatherbird II,Teledyne Reson SeaBat 7126,400,https://www.marine.usf.edu/scamp/,NA
16,EL,2,NA,2017_04_WB2_CBASS,4,2017,Backscatter,NA,NA,CSCAMP,R/V Weatherbird II,Teledyne Reson SeaBat 7127,400,https://www.marine.usf.edu/scamp/,NA
17,SWFMG,5,NA,2017_07A_BEL_SWFMG,7,2017,Bathymetry,2_Projects/GIS/C_Multibeam_C-SCAMP/SWFMG/SWFMG5/Bathymetry/SWFMG5_4mCUBEBathy.bag,SWFMG5_4mCUBEBathy.bag,CSCAMP,R/V Bellows,Teledyne Reson SeaBat 7125,400,https://www.marine.usf.edu/scamp/,NA
18,SWFMG,5,NA,2017_07A_BEL_SWFMG,7,2017,Backscatter,NA,NA,CSCAMP,R/V Bellows,Teledyne Reson SeaBat 7125,400,https://www.marine.usf.edu/scamp/,NA
19,SWFMG,6,NA,2017_07C_BEL_SWFMG,7,2017,Bathymetry,2_Projects/GIS/C_Multibeam_C-SCAMP/SWFMG/SWFMG6_WFMG1/Bathymetry/Cube/WFMG_4mCUBEBathy.bag,WFMG_4mCUBEBathy.bag,CSCAMP,R/V Bellows,Teledyne Reson SeaBat 7125,400,https://www.marine.usf.edu/scamp/,NA
20,SWFMG,6,NA,2017_07C_BEL_SWFMG,7,2017,Backscatter,NA,NA,CSCAMP,R/V Bellows,Teledyne Reson SeaBat 7125,400,https://www.marine.usf.edu/scamp/,NA
21,EL,3,NA,2017_10_WB2_CBASS,10,2017,Bathymetry,2_Projects/GIS/C_Multibeam_C-SCAMP/Elbow/EL3/Bathymetry/EL3_4mSwathBathy.bag,EL3_4mSwathBathy.bag,CSCAMP,R/V Weatherbird II,Teledyne Reson SeaBat 7126,400,https://www.marine.usf.edu/scamp/,NA
22,EL,3,NA,2017_10_WB2_CBASS,10,2017,Backscatter,NA,NA,CSCAMP,R/V Weatherbird II,Teledyne Reson SeaBat 7127,400,https://www.marine.usf.edu/scamp/,NA
23,SWFMG,7AB,NA,2017_10_WB2_CBASS,10,2017,Bathymetry,2_Projects/GIS/C_Multibeam_C-SCAMP/SWFMG/SWFMG7_WFMG2/Bathymetry/WFMG2_4mSwathBathy.bag,WFMG2_4mSwathBathy.bag,CSCAMP,R/V Weatherbird II,Teledyne Reson SeaBat 7125,400,https://www.marine.usf.edu/scamp/,Split this up
24,SWFMG,7AB,NA,2017_10_WB2_CBASS,10,2017,Backscatter,NA,NA,CSCAMP,R/V Weatherbird II,Teledyne Reson SeaBat 7125,400,https://www.marine.usf.edu/scamp/,Split this up
25,EL,4,NA,2018_04C_WB2_CBASS,4,2018,Bathymetry,2_Projects/GIS/C_Multibeam_C-SCAMP/Elbow/EL4/Bathymetry/201804Elbow2mSA.bag,201804Elbow2mSA.bag,CSCAMP,R/V Weatherbird II,Teledyne Reson SeaBat 7125,400,https://www.marine.usf.edu/scamp/,NA
26,EL,4,NA,2018_04C_WB2_CBASS,4,2018,Backscatter,2_Projects/GIS/C_Multibeam_C-SCAMP/Elbow/EL4/Backscatter/EL4BS1m.tiff,EL4BS1m.tiff,CSCAMP,R/V Weatherbird II,Teledyne Reson SeaBat 7125,400,https://www.marine.usf.edu/scamp/,NA
27,SWFMG,9,1807,2018_07B_HOG_SWFMG,7,2018,Bathymetry,1_Cruises/2018_07B_HOG_SWFMG/QimeraProject/2018-07B-HOG/Export/SWFMG1807_2m_Raw.bag,SWFMG1807_2m_Raw.bag,CSCAMP,R/V Hogarth,Teledyne Reson SeaBat 7125,400,https://www.marine.usf.edu/scamp/,NA
28,SWFMG,9,1807,2018_07B_HOG_SWFMG,7,2018,Backscatter,D:/Ilich/1_Cruises/2018_07B_HOG_SWFMG/FMGT_Projects/SWFMG_9.fmproj/Output/Mosaic/SWFMG_9_BS_TS_43-47_1m/SWFMG_9_BS_TS_43-47_1m.tif,SWFMG_9_BS_TS_43-47_1m.tif,CSCAMP,R/V Hogarth,Teledyne Reson SeaBat 7125,400,https://www.marine.usf.edu/scamp/,NA
29,SWFMG,10A,1808,2018_08_HOG_SWFMG,8,2018,Bathymetry,1_Cruises/2018_08_HOG_SWFMG/QimeraProjects/2018-08-HOG/Export/1808-SWFMG_2m_Raw.bag,1808-SWFMG_2m_Raw.bag,CSCAMP,R/V Hogarth,Teledyne Reson SeaBat 7125,400,https://www.marine.usf.edu/scamp/,NA
30,SWFMG,10A,1808,2018_08_HOG_SWFMG,8,2018,Backscatter,D:/Ilich/1_Cruises/2018_08_HOG_SWFMG/FMGT_Projects/SWFMG_10A.fmproj/Output/Mosaic/SWFMG_10A_BS_TS_43-47_1m/SWFMG_10A_BS_TS_43-47_1m.tif,SWFMG_10A_BS_TS_43-47_1m.tif,CSCAMP,R/V Hogarth,Teledyne Reson SeaBat 7125,400,https://www.marine.usf.edu/scamp/,NA
31,SWFMG,10B,Mustache_Ext,2018_08_HOG_SWFMG,8,2018,Bathymetry,1_Cruises/2018_08_HOG_SWFMG/QimeraProjects/2018-08-HOG/Export/Mustache_Ext.bag,Mustache_Ext.bag,CSCAMP,R/V Hogarth,Teledyne Reson SeaBat 7125,400,https://www.marine.usf.edu/scamp/,NA
32,SWFMG,10B,Mustache_Ext,2018_08_HOG_SWFMG,8,2018,Backscatter,D:/Ilich/1_Cruises/2018_08_HOG_SWFMG/FMGT_Projects/SWFMG_10B.fmproj/Output/Mosaic/SWFMG_10B_BS_TS_43-47_1m/SWFMG_10B_BS_TS_43-47_1m.tif,SWFMG_10B_BS_TS_43-47_1m.tif,CSCAMP,R/V Hogarth,Teledyne Reson SeaBat 7125,400,https://www.marine.usf.edu/scamp/,NA
33,EL,5,NA,2018_09_WB2_CBASS,9,2018,Bathymetry,2_Projects/GIS/C_Multibeam_C-SCAMP/Elbow/EL5/Bathymetry/1809_EL5_2mBathy_PRELIMINARY.bag,1809_EL5_2mBathy_PRELIMINARY.bag,CSCAMP,R/V Weatherbird II,Teledyne Reson SeaBat 7125,400,https://www.marine.usf.edu/scamp/,NA
34,EL,5,NA,2018_09_WB2_CBASS,9,2018,Backscatter,1_Cruises/2018_09_WB2_CBASS/Multibeam/FMGT_Projects/EL_5.fmproj/Output/Mosaic/EL_5_BS_TS_43-47_1m/EL_5_BS_TS_43-47_1m.tif,EL_5_BS_TS_43-47_1m.tif,CSCAMP,R/V Weatherbird II,Teledyne Reson SeaBat 7125,400,https://www.marine.usf.edu/scamp/,NA
35,SWFMG,8A,WFMG3C,2018_09_WB2_CBASS,9,2018,Bathymetry,2_Projects/GIS/C_Multibeam_C-SCAMP/SWFMG/SWFMG8_WFMG3/Bathymetry/1809_WFMG3C_2mBathy_PRELIMINARY.bag,1809_WFMG3C_2mBathy_PRELIMINARY.bag,CSCAMP,R/V Weatherbird II,Teledyne Reson SeaBat 7125,400,https://www.marine.usf.edu/scamp/,NA
36,SWFMG,8A,WFMG3C,2018_09_WB2_CBASS,9,2018,Backscatter,1_Cruises/2018_09_WB2_CBASS/Multibeam/FMGT_Projects/SWFMG_8A.fmproj/Output/Mosaic/SWFMG_8A_BS_TS_43-47_1m/SWFMG_8A_BS_TS_43-47_1m.tif,SWFMG_8A_BS_TS_43-47_1m.tif,CSCAMP,R/V Weatherbird II,Teledyne Reson SeaBat 7125,400,https://www.marine.usf.edu/scamp/,NA
37,SWFMG,8B,WFMG3D,2018_09_WB2_CBASS,9,2018,Bathymetry,2_Projects/GIS/C_Multibeam_C-SCAMP/SWFMG/SWFMG8_WFMG3/Bathymetry/1809_WFMG3D_2mBathy_PRELIMINARY.bag,1809_WFMG3D_2mBathy_PRELIMINARY.bag,CSCAMP,R/V Weatherbird II,Teledyne Reson SeaBat 7125,400,https://www.marine.usf.edu/scamp/,NA
38,SWFMG,8B,WFMG3D,2018_09_WB2_CBASS,9,2018,Backscatter,1_Cruises/2018_09_WB2_CBASS/Multibeam/FMGT_Projects/SWFMG_8B.fmproj/Output/Mosaic/SWFMG_8B_BS_TS_43-47_1m/SWFMG_8B_BS_TS_43-47_1m.tif,SWFMG_8B_BS_TS_43-47_1m.tif,CSCAMP,R/V Weatherbird II,Teledyne Reson SeaBat 7125,400,https://www.marine.usf.edu/scamp/,NA
39,EL,6A,NA,2018_10_HOG,10,2018,Bathymetry,2_Projects/GIS/C_Multibeam_C-SCAMP/Elbow/EL6/Bathymetry/EL6A_PRELIMINARY.bag,EL6A_PRELIMINARY.bag,CSCAMP,R/V Hogarth,Teledyne Reson SeaBat T50-R Dual Head,400,https://www.marine.usf.edu/scamp/,NA
40,EL,6A,NA,2018_10_HOG,10,2018,Backscatter,1_Cruises/2018_10_HOG/FMGT_Projects/EL_6A.fmproj/Output/Mosaic/EL_6A_BS_TS_43-47_1m/EL_6A_BS_TS_43-47_1m.tif,EL_6A_BS_TS_43-47_1m.tif,CSCAMP,R/V Hogarth,Teledyne Reson SeaBat T50-R Dual Head,400,https://www.marine.usf.edu/scamp/,NA
41,EL,6B,NA,2018_10_HOG,10,2018,Bathymetry,2_Projects/GIS/C_Multibeam_C-SCAMP/Elbow/EL6/Bathymetry/EL6B_PRELIMINARY.bag,EL6B_PRELIMINARY.bag,CSCAMP,R/V Hogarth,Teledyne Reson SeaBat T50-R Dual Head,400,https://www.marine.usf.edu/scamp/,NA
42,EL,6B,NA,2018_10_HOG,10,2018,Backscatter,1_Cruises/2018_10_HOG/FMGT_Projects/EL_6B.fmproj/Output/Mosaic/EL_6B_BS_TS_43-47_1m/EL_6B_BS_TS_43-47_1m.tif,EL_6B_BS_TS_43-47_1m.tif,CSCAMP,R/V Hogarth,Teledyne Reson SeaBat T50-R Dual Head,400,https://www.marine.usf.edu/scamp/,NA
43,RADIUS,1A,NA,2019_04A_HOG,4,2019,Bathymetry,2_Projects/GIS/C_Multibeam_C-SCAMP/Radius_Ulna_Ulbow/RADIUS_1/Bathymetry/RadiusStep1A_3m.bag,RadiusStep1A_3m.bag,CSCAMP,R/V Hogarth,Teledyne Reson SeaBat T50-R Dual Head,400,https://www.marine.usf.edu/scamp/,NA
44,RADIUS,1A,NA,2019_04A_HOG,4,2019,Backscatter,1_Cruises/2019_04A_HOG/Multibeam/FMGT_Projects/RADIUS_1A.fmproj/Output/Mosaic/RADIUS_1A_BS_TS_43-47_1m/RADIUS_1A_BS_TS_43-47_1m.tif,RADIUS_1A_BS_TS_43-47_1m.tif,CSCAMP,R/V Hogarth,Teledyne Reson SeaBat T50-R Dual Head,400,https://www.marine.usf.edu/scamp/,NA
45,ULNA,1A,NA,2019_04A_HOG,4,2019,Bathymetry,2_Projects/GIS/C_Multibeam_C-SCAMP/Radius_Ulna_Ulbow/ULNA_1/Bathymetry/UlnaLedges1A_3m.bag,UlnaLedges1A_3m.bag,CSCAMP,R/V Hogarth,Teledyne Reson SeaBat T50-R Dual Head,400,https://www.marine.usf.edu/scamp/,NA
46,ULNA,1A,NA,2019_04A_HOG,4,2019,Backscatter,1_Cruises/2019_04A_HOG/Multibeam/FMGT_Projects/ULNA_1A.fmproj/Output/Mosaic/ULNA_1A_BS_TS_43-47_1m/ULNA_1A_BS_TS_43-47_1m.tif,ULNA_1A_BS_TS_43-47_1m.tif,CSCAMP,R/V Hogarth,Teledyne Reson SeaBat T50-R Dual Head,400,https://www.marine.usf.edu/scamp/,NA
47,RADIUS,2A,NA,2019_04B_WB2_CBASS,4,2019,Bathymetry,2_Projects/GIS/C_Multibeam_C-SCAMP/Radius_Ulna_Ulbow/RADIUS_2/Bathymetry/RadiusStep_2A_3m.bag,RadiusStep_2A_3m.bag,CSCAMP,R/V Weatherbird II,Teledyne Reson SeaBat T50-R Dual Head,400,https://www.marine.usf.edu/scamp/,NA
48,RADIUS,2A,NA,2019_04B_WB2_CBASS,4,2019,Backscatter,1_Cruises/2019_04B_WB2_CBASS/Multibeam/FMGT_Projects/RADIUS_2A.fmproj/Output/Mosaic/RADIUS_2A_BS_TS_43-47_1m/RADIUS_2A_BS_TS_43-47_1m.tif,RADIUS_2A_BS_TS_43-47_1m.tif,CSCAMP,R/V Weatherbird II,Teledyne Reson SeaBat T50-R Dual Head,400,https://www.marine.usf.edu/scamp/,NA
49,ULBOW,1A,NA,2019_04B_WB2_CBASS,4,2019,Bathymetry,2_Projects/GIS/C_Multibeam_C-SCAMP/Radius_Ulna_Ulbow/ULBOW_1/Bathymetry/ULbow_1A_3m.bag,ULbow_1A_3m.bag,CSCAMP,R/V Weatherbird II,Teledyne Reson SeaBat T50-R Dual Head,400,https://www.marine.usf.edu/scamp/,NA
50,ULBOW,1A,NA,2019_04B_WB2_CBASS,4,2019,Backscatter,1_Cruises/2019_04B_WB2_CBASS/Multibeam/FMGT_Projects/ULBOW_1A.fmproj/Output/Mosaic/ULBOW_1A_BS_TS_43-47_1m/ULBOW_1A_BS_TS_43-47_1m.tif,ULBOW_1A_BS_TS_43-47_1m.tif,CSCAMP,R/V Weatherbird II,Teledyne Reson SeaBat T50-R Dual Head,400,https://www.marine.usf.edu/scamp/,NA
51,ULBOW,1B,NA,2019_04B_WB2_CBASS,4,2019,Bathymetry,2_Projects/GIS/C_Multibeam_C-SCAMP/Radius_Ulna_Ulbow/ULBOW_1/Bathymetry/ULbow_1B_3m.bag,ULbow_1B_3m.bag,CSCAMP,R/V Weatherbird II,Teledyne Reson SeaBat T50-R Dual Head,400,https://www.marine.usf.edu/scamp/,NA
52,ULBOW,1B,NA,2019_04B_WB2_CBASS,4,2019,Backscatter,1_Cruises/2019_04B_WB2_CBASS/Multibeam/FMGT_Projects/ULBOW_1B.fmproj/Output/Mosaic/ULBOW_1B_BS_TS_43-47_1m/ULBOW_1B_BS_TS_43-47_1m.tif,ULBOW_1B_BS_TS_43-47_1m.tif,CSCAMP,R/V Weatherbird II,Teledyne Reson SeaBat T50-R Dual Head,400,https://www.marine.usf.edu/scamp/,NA
53,ULNA,2A,NA,2019_04B_WB2_CBASS,4,2019,Bathymetry,1_Cruises/2019_04B_WB2_CBASS/Multibeam/Qimera_Project/2019-04B-WB2-CBASS/Export/ULNA_2A_3m.bag,ULNA_2A_3m.bag,CSCAMP,R/V Weatherbird II,Teledyne Reson SeaBat T50-R Dual Head,400,https://www.marine.usf.edu/scamp/,NA
54,ULNA,2A,NA,2019_04B_WB2_CBASS,4,2019,Backscatter,1_Cruises/2019_04B_WB2_CBASS/Multibeam/FMGT_Projects/ULNA_2A.fmproj/Output/Mosaic/ULNA_2A_BS_TS_43-47_1m/ULNA_2A_BS_TS_43-47_1m.tif,ULNA_2A_BS_TS_43-47_1m.tif,CSCAMP,R/V Weatherbird II,Teledyne Reson SeaBat T50-R Dual Head,400,https://www.marine.usf.edu/scamp/,NA
55,Edges,NA,NA,NA,NA,NA,Bathymetry,2_Projects/GIS/G_Multibeam_Other_Sources/The_Edges_Seasonal_MPA/Bathymetry/TheEdges_2005_08_corridor_001.asc,TheEdges_2005_08_corridor_001.asc,David Naar,NA,NA,NA,NA,NA
56,Edges,NA,NA,NA,NA,NA,Backscatter,NA,NA,David Naar,NA,NA,NA,NA,NA
57,FMG,NA,NA,NA,NA,2000,Bathymetry,2_Projects/GIS/G_Multibeam_Other_Sources/Florida_Middle_Grounds_HAPC/Bathymetry/2006_fmg.asc,2006_fmg.asc,David Naar,R/V Suncoaster,Kongsberg Simrad EM3000,300,https://www.ngdc.noaa.gov/ships/suncoaster/2006_07_FMG_mb.html,Mapping spanned from 2000-2006
58,FMG,NA,NA,NA,NA,2000,Backscatter,2_Projects/GIS/G_Multibeam_Other_Sources/Florida_Middle_Grounds_HAPC/Backscatter/2006_07_fmg_5m_NAfixed.tif,2006_07_fmg_5m_NAfixed.tif,David Naar,R/V Suncoaster,Kongsberg Simrad EM3000,300,https://www.ngdc.noaa.gov/ships/suncoaster/2006_07_FMG_mb.html,Mapping spanned from 2000-2006
59,MS,NE Corner,NA,NA,7,2002,Bathymetry,2_Projects/GIS/G_Multibeam_Other_Sources/Madison_Swanson_MPA/NEcorner/Bathymetry/2002_madison_0001.asc,2002_madison_0001.asc,David Naar,R/V Suncoaster,Kongsberg Simrad EM3000,300,https://www.ncei.noaa.gov/data/oceans/coris/data/NOAA/nmfs/sefsc/bathymetry/westfloridashelf/MadisonSwanson2002/,NA
60,MS,NE Corner,NA,NA,7,2002,Backscatter,2_Projects/GIS/G_Multibeam_Other_Sources/Madison_Swanson_MPA/NEcorner/Backscatter/2002_07_Madison_5m_NAFixed.tif,2002_07_Madison_5m_NAFixed.tif,David Naar,R/V Suncoaster,Kongsberg Simrad EM3000,300,https://www.ncei.noaa.gov/data/oceans/coris/data/NOAA/nmfs/sefsc/bathymetry/westfloridashelf/MadisonSwanson2002/,NA
61,Twin Ridges,NA,NA,NA,NA,NA,Bathymetry,2_Projects/GIS/G_Multibeam_Other_Sources/Twin_Ridges/Bathymetry/2002_twin_ridges_0001.asc,2002_twin_ridges_0001.asc,David Naar,R/V Suncoaster,Kongsberg Simrad EM3000,300,https://www.ncei.noaa.gov/data/oceans/coris/data/NOAA/nmfs/sefsc/bathymetry/westfloridashelf/TwinRidges2002/,NA
62,Twin Ridges,NA,NA,NA,NA,NA,Backscatter,2_Projects/GIS/G_Multibeam_Other_Sources/Twin_Ridges/Backscatter/2002_07_twin_ridges_5m.tif,2002_07_twin_ridges_5m.tif,David Naar,R/V Suncoaster,Kongsberg Simrad EM3000,300,https://www.ncei.noaa.gov/data/oceans/coris/data/NOAA/nmfs/sefsc/bathymetry/westfloridashelf/TwinRidges2002/,NA
63,Florida Trackline,761401,NA,NA,NA,NA,Bathymetry,2_Projects/GIS/G_Multibeam_Other_Sources/NOAA_NMFS_Surfaces_ME70/761401_Florida_Trackline.asc,761401_Florida_Trackline.asc,NMFS,NA,Simrad ME70,NA,NA,NA
64,NMFS Block,181,NA,NA,NA,NA,Bathymetry,2_Projects/GIS/G_Multibeam_Other_Sources/NOAA_NMFS_Surfaces_ME70/Block181_4mSa.asc,Block181_4mSa.asc,NMFS,NA,Simrad ME70,NA,NA,NA
65,NMFS Block,197,NA,NA,NA,NA,Bathymetry,2_Projects/GIS/G_Multibeam_Other_Sources/NOAA_NMFS_Surfaces_ME70/Block197_4m.asc,Block197_4m.asc,NMFS,NA,Simrad ME70,NA,NA,NA
66,NMFS Block,240,NA,NA,NA,NA,Bathymetry,2_Projects/GIS/G_Multibeam_Other_Sources/NOAA_NMFS_Surfaces_ME70/Block240_4m.asc,Block240_4m.asc,NMFS,NA,Simrad ME70,NA,NA,NA
67,NMFS Block,031E,NA,NA,NA,NA,Bathymetry,2_Projects/GIS/G_Multibeam_Other_Sources/NOAA_NMFS_Surfaces_ME70/Block031E_5m_Cube.asc,Block031E_5m_Cube.asc,NMFS,NA,Simrad ME70,NA,NA,NA
68,NMFS Block,032E,NA,NA,NA,NA,Bathymetry,2_Projects/GIS/G_Multibeam_Other_Sources/NOAA_NMFS_Surfaces_ME70/Block032E_5m_Cube.asc,Block032E_5m_Cube.asc,NMFS,NA,Simrad ME70,NA,NA,NA
69,NMFS Block,105E,NA,NA,NA,NA,Bathymetry,2_Projects/GIS/G_Multibeam_Other_Sources/NOAA_NMFS_Surfaces_ME70/Block105E_5m_Cube.asc,Block105E_5m_Cube.asc,NMFS,NA,Simrad ME70,NA,NA,NA
70,NMFS Block,125_145E,NA,NA,NA,NA,Bathymetry,2_Projects/GIS/G_Multibeam_Other_Sources/NOAA_NMFS_Surfaces_ME70/Block125_145E_5m_Cube.asc,Block125_145E_5m_Cube.asc,NMFS,NA,Simrad ME70,NA,NA,NA
71,NMFS Block,125E,NA,NA,NA,NA,Bathymetry,2_Projects/GIS/G_Multibeam_Other_Sources/NOAA_NMFS_Surfaces_ME70/Block125E_5m_Cube.asc,Block125E_5m_Cube.asc,NMFS,NA,Simrad ME70,NA,NA,NA
72,NMFS Block,125E_N,NA,NA,NA,NA,Bathymetry,2_Projects/GIS/G_Multibeam_Other_Sources/NOAA_NMFS_Surfaces_ME70/Block125E_N.asc,Block125E_N.asc,NMFS,NA,Simrad ME70,NA,NA,NA
73,NMFS Block,125E_S,NA,NA,NA,NA,Bathymetry,2_Projects/GIS/G_Multibeam_Other_Sources/NOAA_NMFS_Surfaces_ME70/Block125E_S.asc,Block125E_S.asc,NMFS,NA,Simrad ME70,NA,NA,NA
74,NMFS Block,145E,NA,NA,NA,NA,Bathymetry,2_Projects/GIS/G_Multibeam_Other_Sources/NOAA_NMFS_Surfaces_ME70/Block145E.asc,Block145E.asc,NMFS,NA,Simrad ME70,NA,NA,NA
75,NMFS Block,197E,NA,NA,NA,NA,Bathymetry,2_Projects/GIS/G_Multibeam_Other_Sources/NOAA_NMFS_Surfaces_ME70/Block197E.asc,Block197E.asc,NMFS,NA,Simrad ME70,NA,NA,NA
76,NMFS Block,226E,NA,NA,NA,NA,Bathymetry,2_Projects/GIS/G_Multibeam_Other_Sources/NOAA_NMFS_Surfaces_ME70/Block226E_4m.asc,Block226E_4m.asc,NMFS,NA,Simrad ME70,NA,NA,NA
77,NMFS Block,238E,NA,NA,NA,NA,Bathymetry,2_Projects/GIS/G_Multibeam_Other_Sources/NOAA_NMFS_Surfaces_ME70/Block238E_4m.asc,Block238E_4m.asc,NMFS,NA,Simrad ME70,NA,NA,NA
78,NMFS Block,240_D266,NA,NA,NA,NA,Bathymetry,2_Projects/GIS/G_Multibeam_Other_Sources/NOAA_NMFS_Surfaces_ME70/Block240_D266_4m.asc,Block240_D266_4m.asc,NMFS,NA,Simrad ME70,NA,NA,NA
79,NMFS Block,240-227,NA,NA,NA,NA,Bathymetry,2_Projects/GIS/G_Multibeam_Other_Sources/NOAA_NMFS_Surfaces_ME70/Block240-227_4m.asc,Block240-227_4m.asc,NMFS,NA,Simrad ME70,NA,NA,NA
80,NMFS Block,253E,NA,NA,NA,NA,Bathymetry,2_Projects/GIS/G_Multibeam_Other_Sources/NOAA_NMFS_Surfaces_ME70/Block253E_4m.asc,Block253E_4m.asc,NMFS,NA,Simrad ME70,NA,NA,NA
81,NMFS Block,254a_Day264,NA,NA,NA,NA,Bathymetry,2_Projects/GIS/G_Multibeam_Other_Sources/NOAA_NMFS_Surfaces_ME70/Block254a_Day264_4m.asc,Block254a_Day264_4m.asc,NMFS,NA,Simrad ME70,NA,NA,NA
82,NMFS Block,254b_Day264,NA,NA,NA,NA,Bathymetry,2_Projects/GIS/G_Multibeam_Other_Sources/NOAA_NMFS_Surfaces_ME70/Block254b_Day264_4m.asc,Block254b_Day264_4m.asc,NMFS,NA,Simrad ME70,NA,NA,NA
83,NMFS Block,254c_Day264,NA,NA,NA,NA,Bathymetry,2_Projects/GIS/G_Multibeam_Other_Sources/NOAA_NMFS_Surfaces_ME70/Block254c_Day264_4m.asc,Block254c_Day264_4m.asc,NMFS,NA,Simrad ME70,NA,NA,NA
84,NMFS Block,254d_Day264,NA,NA,NA,NA,Bathymetry,2_Projects/GIS/G_Multibeam_Other_Sources/NOAA_NMFS_Surfaces_ME70/Block254d_Day264_4m.asc,Block254d_Day264_4m.asc,NMFS,NA,Simrad ME70,NA,NA,NA
85,NMFS Block,254E,NA,NA,NA,NA,Bathymetry,2_Projects/GIS/G_Multibeam_Other_Sources/NOAA_NMFS_Surfaces_ME70/Block254E_4m.asc,Block254E_4m.asc,NMFS,NA,Simrad ME70,NA,NA,NA
86,NMFS Block,268_Day265,NA,NA,NA,NA,Bathymetry,2_Projects/GIS/G_Multibeam_Other_Sources/NOAA_NMFS_Surfaces_ME70/Block268_Day265_4m.asc,Block268_Day265_4m.asc,NMFS,NA,Simrad ME70,NA,NA,NA
87,NMFS Block,296_Day264,NA,NA,NA,NA,Bathymetry,2_Projects/GIS/G_Multibeam_Other_Sources/NOAA_NMFS_Surfaces_ME70/Block296_Day264_4m.asc,Block296_Day264_4m.asc,NMFS,NA,Simrad ME70,NA,NA,NA
88,NMFS Block,345E,NA,NA,NA,NA,Bathymetry,2_Projects/GIS/G_Multibeam_Other_Sources/NOAA_NMFS_Surfaces_ME70/Block345E_5m_Cube.asc,Block345E_5m_Cube.asc,NMFS,NA,Simrad ME70,NA,NA,NA
89,NMFS Block,371E,NA,NA,NA,NA,Bathymetry,2_Projects/GIS/G_Multibeam_Other_Sources/NOAA_NMFS_Surfaces_ME70/Block371E_5m_Cube.asc,Block371E_5m_Cube.asc,NMFS,NA,Simrad ME70,NA,NA,NA
90,NMFS Block,372E,NA,NA,NA,NA,Bathymetry,2_Projects/GIS/G_Multibeam_Other_Sources/NOAA_NMFS_Surfaces_ME70/Block372E.asc,Block372E.asc,NMFS,NA,Simrad ME70,NA,NA,NA
91,NMFS Block,372E_2,NA,NA,NA,NA,Bathymetry,2_Projects/GIS/G_Multibeam_Other_Sources/NOAA_NMFS_Surfaces_ME70/Block372E_2.asc,Block372E_2.asc,NMFS,NA,Simrad ME70,NA,NA,NA
92,NMFS Block,373E,NA,NA,NA,NA,Bathymetry,2_Projects/GIS/G_Multibeam_Other_Sources/NOAA_NMFS_Surfaces_ME70/Block373E.asc,Block373E.asc,NMFS,NA,Simrad ME70,NA,NA,NA
93,NMFS Block,403_Day262_CamSites,NA,NA,NA,NA,Bathymetry,2_Projects/GIS/G_Multibeam_Other_Sources/NOAA_NMFS_Surfaces_ME70/Block403_Day262_CamSites_2m.asc,Block403_Day262_CamSites_2m.asc,NMFS,NA,Simrad ME70,NA,NA,NA
94,NMFS Block,403_Day263_CamSites,NA,NA,NA,NA,Bathymetry,2_Projects/GIS/G_Multibeam_Other_Sources/NOAA_NMFS_Surfaces_ME70/Block403_Day263_CamSites_2m.asc,Block403_Day263_CamSites_2m.asc,NMFS,NA,Simrad ME70,NA,NA,NA
95,NMFS Block,404_Day263_CamSites,NA,NA,NA,NA,Bathymetry,2_Projects/GIS/G_Multibeam_Other_Sources/NOAA_NMFS_Surfaces_ME70/Block404_Day263_CamSites_2m.asc,Block404_Day263_CamSites_2m.asc,NMFS,NA,Simrad ME70,NA,NA,NA
96,NMFS Block,405_Day262,NA,NA,NA,NA,Bathymetry,2_Projects/GIS/G_Multibeam_Other_Sources/NOAA_NMFS_Surfaces_ME70/Block405_Day262_4m.asc,Block405_Day262_4m.asc,NMFS,NA,Simrad ME70,NA,NA,NA
97,NMFS Block,405_Day263,NA,NA,NA,NA,Bathymetry,2_Projects/GIS/G_Multibeam_Other_Sources/NOAA_NMFS_Surfaces_ME70/Block405_Day263_4m.asc,Block405_Day263_4m.asc,NMFS,NA,Simrad ME70,NA,NA,NA
98,NMFS Block,423E,NA,NA,NA,NA,Bathymetry,2_Projects/GIS/G_Multibeam_Other_Sources/NOAA_NMFS_Surfaces_ME70/Block423E_4m.asc,Block423E_4m.asc,NMFS,NA,Simrad ME70,NA,NA,NA
99,NMFS Block,495E,NA,NA,NA,NA,Bathymetry,2_Projects/GIS/G_Multibeam_Other_Sources/NOAA_NMFS_Surfaces_ME70/Block495E_8m.asc,Block495E_8m.asc,NMFS,NA,Simrad ME70,NA,NA,NA
100,NMFS Block,525E,NA,NA,NA,NA,Bathymetry,2_Projects/GIS/G_Multibeam_Other_Sources/NOAA_NMFS_Surfaces_ME70/Block525E.asc,Block525E.asc,NMFS,NA,Simrad ME70,NA,NA,NA
101,NMFS Block,553E,NA,NA,NA,NA,Bathymetry,2_Projects/GIS/G_Multibeam_Other_Sources/NOAA_NMFS_Surfaces_ME70/Block553E.asc,Block553E.asc,NMFS,NA,Simrad ME70,NA,NA,NA
102,NMFS Block,84E,NA,NA,NA,NA,Bathymetry,2_Projects/GIS/G_Multibeam_Other_Sources/NOAA_NMFS_Surfaces_ME70/Block84E_5m_Cube.asc,Block84E_5m_Cube.asc,NMFS,NA,Simrad ME70,NA,NA,NA
103,DeSoto Canyon,Central,NA,NA,NA,NA,Bathymetry,2_Projects/GIS/G_Multibeam_Other_Sources/DeSoto_Canyon/Bathymetry/Central_Bathymetry/cenbathg/w001001.adf,w001001.adf,USGS,R/V Moana Wave,Kongsberg Dual-head EM3000,300,https://pubs.usgs.gov/of/2003/0007/data.html,NA
104,DeSoto Canyon,Central,NA,NA,NA,NA,Backscatter,2_Projects/GIS/G_Multibeam_Other_Sources/DeSoto_Canyon/Backscatter/Central_Backscatter/cenmosg/w001001.adf,w001001.adf,USGS,R/V Moana Wave,Kongsberg Dual-head EM3000,300,https://pubs.usgs.gov/of/2003/0007/data.html,NA
105,DeSoto Canyon,Northern,NA,NA,NA,NA,Bathymetry,2_Projects/GIS/G_Multibeam_Other_Sources/DeSoto_Canyon/Bathymetry/Northern_Bathymetry/nthbathg/w001001.adf,w001001.adf,USGS,R/V Moana Wave,Kongsberg Dual-head EM3000,300,https://pubs.usgs.gov/of/2003/0007/data.html,NA
106,DeSoto Canyon,Northern,NA,NA,NA,NA,Backscatter,2_Projects/GIS/G_Multibeam_Other_Sources/DeSoto_Canyon/Backscatter/Northern_Backscatter/nthmosg/w001001.adf,w001001.adf,USGS,R/V Moana Wave,Kongsberg Dual-head EM3000,300,https://pubs.usgs.gov/of/2003/0007/data.html,NA
107,DeSoto Canyon,Southern,NA,NA,NA,NA,Bathymetry,2_Projects/GIS/G_Multibeam_Other_Sources/DeSoto_Canyon/Bathymetry/Southern_Bathymetry/sthbathg/w001001.adf,w001001.adf,USGS,R/V Moana Wave,Kongsberg Dual-head EM3000,300,https://pubs.usgs.gov/of/2003/0007/data.html,NA
108,DeSoto Canyon,Southern,NA,NA,NA,NA,Backscatter,2_Projects/GIS/G_Multibeam_Other_Sources/DeSoto_Canyon/Backscatter/Southern_Backscatter/sthmosg/w001001.adf,w001001.adf,USGS,R/V Moana Wave,Kongsberg Dual-head EM3000,300,https://pubs.usgs.gov/of/2003/0007/data.html,NA
109,Pinnacles,NA,NA,NA,NA,2002,Bathymetry,2_Projects/GIS/G_Multibeam_Other_Sources/Pinnacles/Bathymetry/bathyg/w001001.adf,w001001.adf,USGS,NA,NA,NA,https://pubs.usgs.gov/of/2002/0006/site/data.html,NA
110,Pinnacles,NA,NA,NA,NA,2002,Backscatter,2_Projects/GIS/G_Multibeam_Other_Sources/Pinnacles/Backscatter/mosg/w001001.adf,w001001.adf,USGS,NA,NA,NA,https://pubs.usgs.gov/of/2002/0006/site/data.html,NA
111,Pulley Ridge,NA,NA,NA,NA,NA,Bathymetry,2_Projects/GIS/G_Multibeam_Other_Sources/Pulley_Ridge/Bathymetry/allpr_filcrop.asc,allpr_filcrop.asc,USGS,R/V's Bellows & Suncoaster,Kongsberg Simrad EM3000,300,https://woodshole.er.usgs.gov/pubs/of2005-1089/data/bathymetry/,NA
112,Pulley Ridge,NA,NA,NA,NA,NA,Backscatter,NA,NA,USGS,R/V's Bellows & Suncoaster,Kongsberg Simrad EM3000,300,https://woodshole.er.usgs.gov/pubs/of2005-1089/data/bathymetry/,NA
113,SL,NA,NA,NA,NA,NA,Bathymetry,2_Projects/GIS/G_Multibeam_Other_Sources/Steamboat_Lumps_MPA/Bathymetry/sbbathyg/w001001.adf,w001001.adf,USGS,R/V Moana Wave,Kongsberg EM1002,95,https://www.ncei.noaa.gov/data/oceans/coris/data/NOAA/nmfs/sefsc/bathymetry/westfloridashelf/SteamboatLumps2001/,NA
114,SL,NA,NA,NA,NA,NA,Backscatter,2_Projects/GIS/G_Multibeam_Other_Sources/Steamboat_Lumps_MPA/Backscatter/sbmosg/w001001.adf,w001001.adf,USGS,R/V Moana Wave,Kongsberg EM1002,95,https://www.ncei.noaa.gov/data/oceans/coris/data/NOAA/nmfs/sefsc/bathymetry/westfloridashelf/SteamboatLumps2001/,NA
115,WFS,Central,NA,NA,NA,NA,Bathymetry,2_Projects/GIS/G_Multibeam_Other_Sources/West_Florida_Shelf/Central/Bathymetry/cbathyg/w001001.adf,w001001.adf,USGS,R/V Moana Wave,Kongsberg EM1002,95,https://www.ncei.noaa.gov/data/oceans/coris/data/NOAA/nmfs/sefsc/bathymetry/westfloridashelf/CentralShelf2001/,NA
116,WFS,Central,NA,NA,NA,NA,Backscatter,2_Projects/GIS/G_Multibeam_Other_Sources/West_Florida_Shelf/Central/Backscatter/cmosg/w001001.adf,w001001.adf,USGS,R/V Moana Wave,Kongsberg EM1002,95,https://www.ncei.noaa.gov/data/oceans/coris/data/NOAA/nmfs/sefsc/bathymetry/westfloridashelf/CentralShelf2001/,NA
117,WFS,Northern,NA,NA,NA,NA,Bathymetry,2_Projects/GIS/G_Multibeam_Other_Sources/West_Florida_Shelf/Northern/Bathymetry/nbathyg/w001001.adf,w001001.adf,USGS,R/V Moana Wave,Kongsberg EM1002,95,https://www.ncei.noaa.gov/data/oceans/coris/data/NOAA/nmfs/sefsc/bathymetry/westfloridashelf/NorthernShelf2001/,NA
118,WFS,Northern,NA,NA,NA,NA,Backscatter,2_Projects/GIS/G_Multibeam_Other_Sources/West_Florida_Shelf/Northern/Backscatter/nmosg/w001001.adf,w001001.adf,USGS,R/V Moana Wave,Kongsberg EM1002,95,https://www.ncei.noaa.gov/data/oceans/coris/data/NOAA/nmfs/sefsc/bathymetry/westfloridashelf/NorthernShelf2001/,NA
119,WFS,Southern,NA,NA,NA,NA,Bathymetry,2_Projects/GIS/G_Multibeam_Other_Sources/West_Florida_Shelf/Southern/Bathymetry/sbathyg/w001001.adf,w001001.adf,USGS,R/V Moana Wave,Kongsberg EM1002,95,https://www.ncei.noaa.gov/data/oceans/coris/data/NOAA/nmfs/sefsc/bathymetry/westfloridashelf/SouthernShelf2001/,NA
120,WFS,Southern,NA,NA,NA,NA,Backscatter,2_Projects/GIS/G_Multibeam_Other_Sources/West_Florida_Shelf/Southern/Backscatter/smosg/w001001.adf,w001001.adf,USGS,R/V Moana Wave,Kongsberg EM1002,95,https://www.ncei.noaa.gov/data/oceans/coris/data/NOAA/nmfs/sefsc/bathymetry/westfloridashelf/SouthernShelf2001/,NA
121,ULNA,2B,NA,2019_04B_WB2_CBASS,4,2019,Bathymetry,1_Cruises/2019_04B_WB2_CBASS/Multibeam/Qimera_Project/2019-04B-WB2-CBASS/Export/ULNA_2B_3m.bag,ULNA_2B_3m.bag,CSCAMP,R/V Weatherbird II,Teledyne Reson SeaBat T50-R Dual Head,400,https://www.marine.usf.edu/scamp/,NA
122,ULNA,2B,NA,2019_04B_WB2_CBASS,4,2019,Backscatter,1_Cruises/2019_04B_WB2_CBASS/Multibeam/FMGT_Projects/ULNA_2B.fmproj/Output/Mosaic/ULNA_2B_BS_TS_43-47_1m/ULNA_2B_BS_TS_43-47_1m.tif,ULNA_2B_BS_TS_43-47_1m.tif,CSCAMP,R/V Weatherbird II,Teledyne Reson SeaBat T50-R Dual Head,400,https://www.marine.usf.edu/scamp/,NA
123,SWFMG,8C,WFMG3AB,2018_09_WB2_CBASS,9,2018,Bathymetry,1_Cruises/2018_09_WB2_CBASS/Multibeam/Qimera_Project/2018-09-WB2-CBASS/Export/1809_WFMG3AB_2m.bag,1809_WFMG3AB_2m.bag,CSCAMP,R/V Weatherbird II,Teledyne Reson SeaBat 7125,400,https://www.marine.usf.edu/scamp/,NA
124,SWFMG,8C,WFMG3AB,2018_09_WB2_CBASS,9,2018,Backscatter,1_Cruises/2018_09_WB2_CBASS/Multibeam/FMGT_Projects/SWFMG_8C.fmproj/Output/Mosaic/SWFMG_8C_BS_TS_43-47_1m/SWFMG_8C_BS_TS_43-47_1m.tif,SWFMG_8C_BS_TS_43-47_1m.tif,CSCAMP,R/V Weatherbird II,Teledyne Reson SeaBat 7125,400,https://www.marine.usf.edu/scamp/,NA
125,PanamaCity,NA,NA,NA,2,2007,Bathymetry,2_Projects/GIS/G_Multibeam_Other_Sources/Panama_City/ascii/bathymetry/2007_02_Panama_City_bathy_UTM16N.tif,2007_02_Panama_City_bathy_UTM16N.tif,David Naar,R/V Suncoaster,Kongsberg Simrad EM3000,300,NA,NA
126,PanamaCity,NA,NA,NA,2,2007,Backscatter,2_Projects/GIS/G_Multibeam_Other_Sources/Panama_City/ascii/backscatter/2007_02_Panama_City_bs_UTM16N.tif,2007_02_Panama_City_bs_UTM16N.tif,David Naar,R/V Suncoaster,Kongsberg Simrad EM3000,300,NA,NA
